Employee_Name,EmpID,DeptID,Department,Salary,Position,Zip,DOB,Sex,CitizenDesc,RaceDesc,DateofHire,DateofTermination,TermReason,EmploymentStatus,ManagerName,ManagerID,RecruitmentSource,PerformanceScore,EngagementSurvey,EmpSatisfaction,SpecialProjectsCount,LastPerformanceReview_Date,Absences
Houlihan Debra,10272,6,Sales,180000,Director of Sales,2908,17 March 1966,F,US Citizen,White,05 May 2014,,StillEmployed,Active,Janet King,2,LinkedIn,Fully Meets,4.5,4,0,21 January 2019,19
Daneault Lynn,10099,6,Sales,65729,Sales Manager,5473,19 April 1990,F,US Citizen,White,05 May 2014,,StillEmployed,Active,Debra Houlihan,15,Indeed,Fully Meets,4.62,4,0,24 January 2019,8
Kampew Donysha,10244,6,Sales,68999,Sales Manager,19444,11 November 1989,F,US Citizen,White,07 November 2011,24 April 2014,maternity leave - did not return,Resinged,Debra Houlihan,15,Google Search,Fully Meets,4.5,5,0,30 March 2013,2
Smith John,10291,6,Sales,72992,Sales Manager,1886,16 August 1984,M ,US Citizen,Black or African American,18 May 2014,,StillEmployed,Active,Debra Houlihan,15,Diversity Job Fair,Needs Improvement,2.4,4,0,16 January 2019,16
Bunbury Jessica,10188,6,Sales,74326,Area Sales Manager,21851,01 June 1964,F,Eligible NonCitizen,Black or African American,15 August 2011,02 August 2014,Another position,Resinged,John Smith,17,Google Search,Fully Meets,3.14,5,0,10 February 2013,19
Carter Michelle ,10040,6,Sales,71860,Area Sales Manager,5664,15 May 1963,F,US Citizen,White,18 August 2014,,StillEmployed,Active,John Smith,17,Indeed,Fully Meets,5,5,0,21 January 2019,7
Delarge Alex,10306,6,Sales,61568,Area Sales Manager,36006,02 November 1975,M ,US Citizen,Two or more races,29 September 2014,,StillEmployed,Active,John Smith,17,Indeed,PIP,1.93,3,0,30 January 2019,5
Dietrich Jenna  ,10304,6,Sales,59231,Area Sales Manager,98052,14 May 1987,F,US Citizen,White,20 February 2012,,StillEmployed,Active,John Smith,17,Website,PIP,2.3,1,0,29 January 2019,17
Gill Whitney  ,10142,6,Sales,59370,Area Sales Manager,43050,10 July 1971,F,US Citizen,Black or African American,07 July 2014,05 September 2015,attendance,Terminated ,John Smith,17,CareerBuilder,Fully Meets,3.97,4,0,15 January 2014,7
Guilianno Mike,10109,6,Sales,71707,Area Sales Manager,37129,09 February 1969,M ,US Citizen,Two or more races,07 March 2012,31 October 2014,relocation out of area,Resinged,John Smith,17,LinkedIn,Fully Meets,4.5,5,0,01 February 2013,20
Hitchcock Alfred,10167,6,Sales,70545,Area Sales Manager,3062,14 September 1988,M ,US Citizen,American Indian or Alaska Native,18 August 2014,,StillEmployed,Active,John Smith,17,Indeed,Fully Meets,3.6,5,0,30 January 2019,9
Kreuger Freddy,10165,6,Sales,71339,Area Sales Manager,10171,24 February 1969,M ,US Citizen,Black or African American,07 March 2011,,StillEmployed,Active,John Smith,17,Diversity Job Fair,Fully Meets,3.65,5,0,17 January 2019,20
Leruth Giovanni,10103,6,Sales,70468,Area Sales Manager,84111,27 December 1988,M ,US Citizen,Black or African American,30 April 2012,,StillEmployed,Active,John Smith,17,Website,Fully Meets,4.53,3,0,29 January 2019,16
Ozark Travis,10041,6,Sales,68829,Area Sales Manager,27229,19 May 1982,M ,US Citizen,White,05 January 2015,,StillEmployed,Active,John Smith,17,Website,Fully Meets,5,5,0,14 January 2019,18
Ren Kylo,10140,6,Sales,61809,Area Sales Manager,83706,12 October 1954,M ,US Citizen,White,12 May 2014,,StillEmployed,Active,John Smith,17,CareerBuilder,Fully Meets,3.98,3,0,28 January 2019,4
Strong Caitrin,10241,6,Sales,60120,Area Sales Manager,59102,12 May 1989,F,US Citizen,Black or African American,27 September 2010,,StillEmployed,Active,John Smith,17,Indeed,Fully Meets,4.1,4,0,31 January 2019,18
ValentinJackie,10205,6,Sales,57859,Area Sales Manager,85006,23 May 1991,F,US Citizen,Two or more races,05 July 2011,,StillEmployed,Active,John Smith,17,Indeed,Fully Meets,2.81,3,0,17 January 2019,16
Villanueva Noah,10253,6,Sales,55875,Area Sales Manager,4063,11 July 1989,M ,US Citizen,Asian,05 March 2012,,StillEmployed,Active,John Smith,17,Website,Fully Meets,4.5,4,0,18 January 2019,11
Chigurh Anton,10200,6,Sales,66808,Area Sales Manager,78207,11 June 1970,M ,Eligible NonCitizen,Black or African American,14 May 2012,,StillEmployed,Active,Lynn Daneault,21,Employee Referral,Fully Meets,3,5,0,19 January 2019,17
Driver Elle,10006,6,Sales,74241,Area Sales Manager,90007,08 November 1988,F,US Citizen,White,10 January 2011,,StillEmployed,Active,Lynn Daneault,21,Indeed,Exceeds,4.77,5,0,27 January 2019,14
Forrest Alex,10305,6,Sales,70187,Area Sales Manager,2330,07 July 1975,M ,US Citizen,White,29 September 2014,19 August 2018,Fatal attraction,Terminated ,Lynn Daneault,21,Employee Referral,PIP,2,5,0,28 January 2019,7
Fraval Maruk ,10258,6,Sales,67251,Area Sales Manager,6050,28 August 1963,M ,US Citizen,Black or African American,06 September 2011,,StillEmployed,Active,Lynn Daneault,21,CareerBuilder,Fully Meets,4.3,3,0,27 January 2019,7
Givens Myriam,10255,6,Sales,61555,Area Sales Manager,46204,22 September 1989,F,US Citizen,White,16 February 2015,,StillEmployed,Active,Lynn Daneault,21,Indeed,Fully Meets,4.5,5,0,25 January 2019,20
Khemmich Bartholemew,10231,6,Sales,65310,Area Sales Manager,80820,27 November 1979,M ,US Citizen,White,19 August 2013,,StillEmployed,Active,Lynn Daneault,21,Indeed,Fully Meets,4.3,5,0,22 January 2019,13
McKinzie Jac,10202,6,Sales,63291,Area Sales Manager,78789,01 July 1984,M ,US Citizen,Two or more races,06 July 2016,,StillEmployed,Active,Lynn Daneault,21,Website,Fully Meets,3.4,4,0,29 January 2019,7
Nguyen Dheepa,10042,6,Sales,63695,Area Sales Manager,30428,31 March 1989,F,US Citizen,Two or more races,08 July 2013,,StillEmployed,Active,Lynn Daneault,21,Indeed,Fully Meets,5,5,0,25 January 2019,2
Onque Jasmine,10121,6,Sales,63051,Area Sales Manager,33174,11 May 1990,F,US Citizen,White,30 September 2013,,StillEmployed,Active,Lynn Daneault,21,Indeed,Fully Meets,4.28,3,0,25 January 2019,1
Potts Xana,10124,6,Sales,61844,Area Sales Manager,40220,29 August 1988,F,US Citizen,Black or African American,09 January 2012,,StillEmployed,Active,Lynn Daneault,21,Website,Fully Meets,4.2,5,0,01 February 2019,9
Stansfield Norman,10307,6,Sales,58273,Area Sales Manager,89139,09 May 1974,M ,US Citizen,White,12 May 2014,,StillEmployed,Active,Lynn Daneault,21,Website,PIP,1.81,2,0,17 January 2019,5
Terry Sharlene ,10161,6,Sales,58370,Area Sales Manager,97756,07 May 1965,F,US Citizen,Black or African American,29 September 2014,,StillEmployed,Active,Lynn Daneault,21,Indeed,Fully Meets,3.69,3,0,28 January 2019,18
Torrence Jack,10013,6,Sales,64397,Area Sales Manager,58782,15 January 1968,M ,US Citizen,White,09 January 2006,,StillEmployed,Active,Lynn Daneault,21,Indeed,Exceeds,4.1,3,0,04 January 2019,6
Bozzi Charles,10175,5,Production       ,74312,Production Manager,1901,10 March 1970,M ,US Citizen,Asian,30 September 2013,07 August 2014,retiring,Resinged,Janet King,2,Indeed,Fully Meets,3.39,3,0,20 February 2014,14
Candie Calvin,10001,5,Production       ,72640,Production Manager,2169,09 August 1983,M ,US Citizen,White,28 January 2016,,StillEmployed,Active,Janet King,2,Indeed,Exceeds,5,3,0,22 February 2019,14
Corleone Michael,10282,5,Production       ,68051,Production Manager,1803,17 December 1975,M ,US Citizen,White,20 July 2010,,StillEmployed,Active,Janet King,2,CareerBuilder,Needs Improvement,4.13,2,0,14 January 2019,3
Corleone Vito,10019,5,Production       ,170500,Director of Operations,2030,19 March 1983,M ,US Citizen,Black or African American,05 January 2009,,StillEmployed,Active,Janet King,2,Indeed,Exceeds,3.7,5,0,04 February 2019,15
Dunn Amy  ,10105,5,Production       ,75188,Production Manager,1731,28 November 1973,F,US Citizen,White,18 September 2014,,StillEmployed,Active,Janet King,2,Google Search,Fully Meets,4.52,4,0,15 January 2019,4
Gray Elijiah  ,10098,5,Production       ,62957,Production Manager,1752,11 July 1981,M ,US Citizen,White,02 June 2015,,StillEmployed,Active,Janet King,2,Employee Referral,Fully Meets,4.63,3,0,04 January 2019,2
Immediato Walter,10289,5,Production       ,83082,Production Manager,2128,15 November 1976,M ,US Citizen,Asian,21 February 2011,24 September 2012,unhappy,Resinged,Janet King,2,Indeed,Needs Improvement,2.34,2,0,12 April 2012,4
Landa Hans,10092,5,Production       ,82758,Production Manager,1890,01 July 1972,M ,US Citizen,White,10 January 2011,12 December 2015,attendance,Terminated ,Janet King,2,Employee Referral,Fully Meets,4.78,4,0,15 February 2015,9
Liebig Ketsia,10017,5,Production       ,77915,Production Manager,2110,26 October 1981,F,US Citizen,White,30 September 2013,,StillEmployed,Active,Janet King,2,Website,Exceeds,4.1,3,0,21 January 2019,11
Miller Brannon,10116,5,Production       ,83667,Production Manager,2045,10 August 1981,M ,US Citizen,Hispanic,16 August 2012,,StillEmployed,Active,Janet King,2,Indeed,Fully Meets,4.37,3,0,14 January 2019,2
Peterson Ebonee  ,10130,5,Production       ,74669,Production Manager,2030,09 May 1977,F,US Citizen,White,25 October 2010,18 May 2016,Another position,Resinged,Janet King,2,Indeed,Fully Meets,4.16,5,0,05 March 2015,6
Spirea Kelley,10090,5,Production       ,65714,Production Manager,2451,30 September 1975,F,US Citizen,White,02 October 2012,,StillEmployed,Active,Janet King,2,LinkedIn,Fully Meets,4.83,5,0,14 February 2019,15
Sullivan Kissy ,10158,5,Production       ,63682,Production Manager,1776,28 March 1978,F,US Citizen,Black or African American,08 January 2009,,StillEmployed,Active,Janet King,2,Indeed,Fully Meets,3.73,4,0,24 January 2019,12
Vega Vincent,10144,5,Production       ,88976,Production Manager,2169,10 October 1968,M ,US Citizen,White,01 August 2011,,StillEmployed,Active,Janet King,2,Employee Referral,Fully Meets,3.93,3,0,27 February 2019,19
Wallace Courtney  E,10274,5,Production       ,80512,Production Manager,2478,14 November 1955,F,US Citizen,Black or African American,26 September 2011,02 January 2012,Another position,Resinged,Janet King,2,Diversity Job Fair,Fully Meets,4.5,3,0,02 January 2012,5
Anderson Linda  ,10002,5,Production       ,57568,Production Technician I,1844,22 May 1977,F,US Citizen,White,09 January 2012,,StillEmployed,Active,Amy Dunn,11,LinkedIn,Exceeds,5,5,0,07 January 2019,15
Bernstein Sean,10046,5,Production       ,51044,Production Technician I,2072,22 December 1970,M ,US Citizen,White,02 April 2012,,StillEmployed,Active,Amy Dunn,11,Google Search,Fully Meets,5,3,0,14 January 2019,13
Burke Joelle,10107,5,Production       ,63763,Production Technician II,2148,02 March 1980,F,US Citizen,Black or African American,05 March 2012,,StillEmployed,Active,Amy Dunn,11,Employee Referral,Fully Meets,4.51,4,0,21 February 2019,3
Chivukula Enola,10240,5,Production       ,64786,Production Technician I,1775,27 August 1983,F,US Citizen,White,27 June 2011,15 November 2015,relocation out of area,Resinged,Amy Dunn,11,Indeed,Fully Meets,4.3,4,0,10 March 2015,3
Desimone Carl ,10310,5,Production       ,53189,Production Technician I,2061,19 April 1967,M ,US Citizen,White,07 July 2014,,StillEmployed,Active,Amy Dunn,11,Indeed,PIP,1.12,2,0,31 January 2019,9
Fernandes Nilson  ,10308,5,Production       ,64057,Production Technician I,2132,18 October 1989,M ,US Citizen,White,11 May 2015,,StillEmployed,Active,Amy Dunn,11,Indeed,PIP,1.56,5,0,03 January 2019,15
Fitzpatrick Michael  J,10093,5,Production       ,72609,Production Technician II,2143,01 October 1981,M ,US Citizen,White,16 May 2011,24 June 2013,hours,Resinged,Amy Dunn,11,Google Search,Fully Meets,4.76,5,0,05 April 2013,20
Girifalco Evelyn,10018,5,Production       ,57815,Production Technician I,2451,08 May 1980,F,US Citizen,Two or more races,29 September 2014,,StillEmployed,Active,Amy Dunn,11,Indeed,Exceeds,3.9,4,0,07 February 2019,3
Harrison Kara,10007,5,Production       ,62065,Production Technician I,1886,02 May 1974,F,US Citizen,White,12 May 2014,,StillEmployed,Active,Amy Dunn,11,CareerBuilder,Exceeds,4.76,4,0,15 February 2019,5
Huynh Ming,10160,5,Production       ,68182,Production Technician II,1742,22 September 1976,F,US Citizen,White,21 February 2011,01 April 2013,unhappy,Resinged,Amy Dunn,11,Google Search,Fully Meets,3.72,3,0,01 February 2013,18
Kirill Alexandra  ,10170,5,Production       ,45433,Production Technician I,2127,08 October 1970,F,US Citizen,White,26 September 2011,09 January 2014,more money,Resinged,Amy Dunn,11,Google Search,Fully Meets,3.49,4,0,30 January 2013,6
MacLennan Samuel,10191,5,Production       ,52788,Production Technician I,1938,09 November 1972,M ,US Citizen,White,24 September 2012,26 September 2017,hours,Resinged,Amy Dunn,11,Indeed,Fully Meets,3.08,4,0,01 April 2017,18
Mancuso Karen,10073,5,Production       ,68407,Production Technician II,2176,10 December 1986,F,US Citizen,Two or more races,05 July 2011,19 August 2012,Another position,Resinged,Amy Dunn,11,LinkedIn,Fully Meets,5,4,0,02 July 2012,16
Ndzi Horia,10185,5,Production       ,46664,Production Technician I,2421,28 March 1983,M ,US Citizen,White,01 April 2013,25 May 2016,more money,Resinged,Amy Dunn,11,Employee Referral,Fully Meets,3.18,3,0,06 March 2016,10
Pelletier Ermine,10297,5,Production       ,60270,Production Technician II,2472,18 July 1989,F,US Citizen,Asian,05 July 2011,15 September 2015,unhappy,Resinged,Amy Dunn,11,CareerBuilder,Needs Improvement,2.4,5,0,06 February 2015,2
Perry Shakira,10171,5,Production       ,45998,Production Technician I,2176,20 July 1986,F,US Citizen,White,16 May 2011,25 October 2015,medical issues,Resinged,Amy Dunn,11,LinkedIn,Fully Meets,3.45,4,0,13 May 2014,5
Robinson Alain  ,10047,5,Production       ,50428,Production Technician I,1420,07 January 1974,M ,US Citizen,Black or African American,10 January 2011,26 January 2016,attendance,Resinged,Amy Dunn,11,Indeed,Fully Meets,5,3,0,10 January 2015,11
Shields Seffi,10091,5,Production       ,52087,Production Technician I,2149,24 August 1985,F,US Citizen,White,19 August 2013,,StillEmployed,Active,Amy Dunn,11,LinkedIn,Fully Meets,4.81,4,0,15 February 2019,15
Theamstern Sophia,10141,5,Production       ,48413,Production Technician I,2066,09 May 1965,F,US Citizen,White,05 July 2011,05 September 2016,return to school,Resinged,Amy Dunn,11,Indeed,Fully Meets,3.98,4,0,02 March 2016,1
Trzeciak Cybil,10270,5,Production       ,74813,Production Technician II,1778,15 March 1985,F,US Citizen,White,10 January 2011,02 July 2014,unhappy,Resinged,Amy Dunn,11,LinkedIn,Fully Meets,4.4,3,0,05 January 2014,5
Wilber Barry,10048,5,Production       ,55140,Production Technician I,2324,09 September 1965,M ,Eligible NonCitizen,White,16 May 2011,07 September 2015,unhappy,Resinged,Amy Dunn,11,Website,Fully Meets,5,3,0,15 February 2015,7
Bachiochi Linda,10114,5,Production       ,47837,Production Technician I,1902,11 February 1970,F,US Citizen,Black or African American,06 July 2009,,StillEmployed,Active,Brannon Miller,12,Diversity Job Fair,Fully Meets,4.46,3,0,25 January 2019,4
Billis Helen,10003,5,Production       ,62910,Production Technician I,2031,01 September 1989,F,US Citizen,White,07 July 2014,,StillEmployed,Active,Brannon Miller,12,Indeed,Exceeds,5,3,0,27 February 2019,19
Cloninger Jennifer,10275,5,Production       ,64066,Production Technician II,1752,31 August 1981,F,US Citizen,White,16 May 2011,07 January 2013,unhappy,Resinged,Brannon Miller,12,Google Search,Fully Meets,4.2,5,0,03 May 2012,9
Clukey Elijian,10029,5,Production       ,50373,Production Technician I,2134,26 August 1980,M ,US Citizen,White,06 July 2016,,StillEmployed,Active,Brannon Miller,12,Employee Referral,Exceeds,4.1,4,0,28 February 2019,5
Dee Randy,10311,5,Production       ,56991,Production Technician I,2138,15 April 1988,M ,US Citizen,White,09 July 2018,,StillEmployed,Active,Brannon Miller,12,Indeed,Fully Meets,4.3,4,3,31 January 2019,2
DiNocco Lily ,10284,5,Production       ,61584,Production Technician I,2351,02 December 1978,F,US Citizen,Black or African American,07 January 2013,,StillEmployed,Active,Brannon Miller,12,Indeed,Needs Improvement,3.88,4,0,18 January 2019,6
Fidelia  Libby,10049,5,Production       ,58530,Production Technician I,2155,16 March 1981,F,US Citizen,White,09 January 2012,,StillEmployed,Active,Brannon Miller,12,Google Search,Fully Meets,5,5,0,29 January 2019,19
Gonzalez Cayo,10031,5,Production       ,59892,Production Technician I,2108,29 September 1969,M ,US Citizen,Black or African American,11 July 2011,,StillEmployed,Active,Brannon Miller,12,Diversity Job Fair,Exceeds,4.5,4,0,18 February 2019,1
Gonzalez Juan,10300,5,Production       ,68898,Production Technician II,2128,12 October 1964,M ,US Citizen,Black or African American,26 April 2010,30 May 2011,career change,Resinged,Brannon Miller,12,Diversity Job Fair,PIP,3,3,0,06 March 2011,10
Ivey Rose ,10139,5,Production       ,51908,Production Technician I,1775,28 January 1991,F,US Citizen,White,19 August 2013,,StillEmployed,Active,Brannon Miller,12,Indeed,Fully Meets,3.99,3,0,14 January 2019,14
Johnston Yen,10036,5,Production       ,63322,Production Technician II,2128,08 September 1969,F,US Citizen,White,07 July 2014,,StillEmployed,Active,Brannon Miller,12,LinkedIn,Exceeds,4.3,3,0,11 January 2019,1
Kretschmer John,10176,5,Production       ,63973,Production Technician I,1801,02 February 1980,M ,US Citizen,Asian,10 January 2011,,StillEmployed,Active,Brannon Miller,12,Indeed,Fully Meets,3.38,3,0,21 January 2019,17
Mangal Debbie,10279,5,Production       ,61349,Production Technician I,2451,07 November 1974,F,US Citizen,White,11 November 2013,,StillEmployed,Active,Brannon Miller,12,LinkedIn,Fully Meets,4.1,3,0,22 January 2019,11
Miller Ned,10298,5,Production       ,55800,Production Technician II,2472,29 June 1985,M ,US Citizen,White,15 August 2011,04 September 2014,unhappy,Resinged,Brannon Miller,12,LinkedIn,PIP,3,2,0,14 January 2013,6
Ngodup Shari ,10037,5,Production       ,52984,Production Technician I,1810,03 June 1967,F,US Citizen,Black or African American,01 April 2013,,StillEmployed,Active,Brannon Miller,12,Diversity Job Fair,Exceeds,4,3,0,13 February 2019,12
Petingill Shana  ,10217,5,Production       ,74226,Production Technician II,2050,10 March 1979,F,Eligible NonCitizen,Asian,02 April 2012,,StillEmployed,Active,Brannon Miller,12,LinkedIn,Fully Meets,4.3,3,0,14 January 2019,14
Pham Hong,10050,5,Production       ,64724,Production Technician I,2451,06 March 1988,M ,US Citizen,Asian,05 July 2011,30 November 2012,more money,Resinged,Brannon Miller,12,Google Search,Fully Meets,5,3,0,20 February 2012,13
Robinson Elias,10020,5,Production       ,63353,Production Technician I,1730,28 January 1985,M ,US Citizen,White,08 July 2013,,StillEmployed,Active,Brannon Miller,12,Employee Referral,Exceeds,3.6,5,0,11 February 2019,4
Sparks Taylor  ,10302,5,Production       ,64021,Production Technician I,2093,20 July 1968,F,US Citizen,White,20 February 2012,,StillEmployed,Active,Brannon Miller,12,Indeed,PIP,2.4,2,1,25 February 2019,20
Tippett Jeanette,10123,5,Production       ,56339,Production Technician I,2093,05 June 1967,F,US Citizen,Black or African American,18 February 2013,,StillEmployed,Active,Brannon Miller,12,Indeed,Fully Meets,4.21,5,0,14 January 2019,4
Winthrop Jordan  ,10033,5,Production       ,70507,Production Technician II,2045,07 November 1958,M ,US Citizen,White,07 January 2013,21 February 2016,retiring,Resinged,Brannon Miller,12,LinkedIn,Exceeds,5,3,0,19 January 2016,7
Ybarra Catherine ,10301,5,Production       ,48513,Production Technician I,2458,04 May 1982,F,US Citizen,Asian,02 September 2008,29 September 2015,Another position,Resinged,Brannon Miller,12,Google Search,PIP,3.2,2,0,02 September 2015,4
Baczenski Rachael  ,10252,5,Production       ,54670,Production Technician I,1902,12 January 1974,F,US Citizen,Black or African American,10 January 2011,12 January 2017,Another position,Resinged,David Stanley,14,Diversity Job Fair,Fully Meets,4.2,4,0,30 January 2016,12
Brill Donna,10177,5,Production       ,53492,Production Technician I,1701,24 August 1990,F,US Citizen,White,02 April 2012,15 June 2013,Another position,Resinged,David Stanley,14,Google Search,Fully Meets,3.35,4,0,04 March 2013,6
Close Phil,10269,5,Production       ,59369,Production Technician II,2169,25 November 1978,M ,US Citizen,White,30 August 2010,26 September 2011,career change,Resinged,David Stanley,14,Indeed,Fully Meets,4.2,4,0,04 May 2011,6
Cockel James,10261,5,Production       ,63108,Production Technician I,2452,08 September 1977,M ,US Citizen,White,08 July 2013,,StillEmployed,Active,David Stanley,14,Employee Referral,Fully Meets,4.4,5,0,14 January 2019,3
Dobrin Denisa  S,10207,5,Production       ,46335,Production Technician I,2125,07 October 1986,F,US Citizen,White,02 April 2012,,StillEmployed,Active,David Stanley,14,CareerBuilder,Fully Meets,3.4,5,0,19 February 2019,15
Garcia Raul,10111,5,Production       ,52249,Production Technician I,1905,15 September 1985,M ,US Citizen,White,30 March 2015,,StillEmployed,Active,David Stanley,14,Employee Referral,Fully Meets,4.5,3,0,18 February 2019,5
Good Susan,10237,5,Production       ,66825,Production Technician II,1886,25 May 1986,F,US Citizen,White,12 May 2014,,StillEmployed,Active,David Stanley,14,LinkedIn,Fully Meets,4.6,3,0,07 February 2019,20
Gordon David,10051,5,Production       ,48285,Production Technician I,2169,21 May 1979,M ,US Citizen,White,02 July 2012,,StillEmployed,Active,David Stanley,14,LinkedIn,Fully Meets,5,3,0,14 January 2019,2
Jackson Maryellen,10227,5,Production       ,61242,Production Technician I,2081,11 September 1972,F,US Citizen,Black or African American,05 November 2012,,StillEmployed,Active,David Stanley,14,LinkedIn,Fully Meets,4.1,3,0,17 January 2019,7
Langford Lindsey,10106,5,Production       ,66074,Production Technician II,2090,25 July 1979,F,US Citizen,Asian,07 January 2013,31 March 2014,Another position,Resinged,David Stanley,14,Indeed,Fully Meets,4.52,3,0,20 February 2014,20
Langton Enrico,10052,5,Production       ,46120,Production Technician I,2048,09 December 1986,M ,US Citizen,White,09 July 2012,,StillEmployed,Active,David Stanley,14,LinkedIn,Fully Meets,5,5,0,04 February 2019,13
Maurice Shana,10053,5,Production       ,54132,Production Technician I,2330,22 November 1977,F,US Citizen,White,31 May 2011,,StillEmployed,Active,David Stanley,14,Indeed,Fully Meets,5,4,0,10 January 2019,8
Monkfish Erasumus,10213,5,Production       ,58207,Production Technician II,1450,17 August 1992,M ,US Citizen,White,07 November 2011,,StillEmployed,Active,David Stanley,14,LinkedIn,Fully Meets,3.7,3,0,08 January 2019,14
Nguyen Lei-Ming,10206,5,Production       ,62061,Production Technician I,2132,07 July 1984,F,US Citizen,White,08 July 2013,,StillEmployed,Active,David Stanley,14,LinkedIn,Fully Meets,3.6,5,0,02 January 2019,4
Pitt Brad ,10164,5,Production       ,47001,Production Technician I,2451,23 November 1981,M ,US Citizen,White,05 November 2007,,StillEmployed,Active,David Stanley,14,Google Search,Fully Meets,3.66,3,0,25 February 2019,15
Roberson May,10230,5,Production       ,64971,Production Technician II,1902,05 September 1981,F,Eligible NonCitizen,Black or African American,26 September 2011,22 October 2011,return to school,Resinged,David Stanley,14,Google Search,Fully Meets,4.5,4,0,22 October 2011,10
Rose Ashley  ,10054,5,Production       ,60627,Production Technician I,1886,05 December 1974,F,US Citizen,White,06 January 2014,,StillEmployed,Active,David Stanley,14,Website,Fully Meets,5,4,0,31 January 2019,8
Squatrito Kristen,10030,5,Production       ,62425,Production Technician I,2359,26 March 1973,F,US Citizen,White,13 May 2013,29 June 2015,unhappy,Resinged,David Stanley,14,LinkedIn,Exceeds,4.1,4,0,02 March 2015,16
Trang Mei,10287,5,Production       ,63025,Production Technician I,2021,16 May 1983,F,US Citizen,White,17 February 2014,,StillEmployed,Active,David Stanley,14,LinkedIn,Needs Improvement,2.44,5,0,11 February 2019,18
Wolk Hang  T,10174,5,Production       ,60446,Production Technician II,2302,20 April 1985,F,US Citizen,White,29 September 2014,,StillEmployed,Active,David Stanley,14,LinkedIn,Fully Meets,3.4,4,0,21 February 2019,14
Zima Colleen,10271,5,Production       ,45046,Production Technician I,1730,17 August 1978,F,US Citizen,Asian,29 September 2014,,StillEmployed,Active,David Stanley,14,LinkedIn,Fully Meets,4.5,5,0,30 January 2019,2
AlagbeTrina,10088,5,Production       ,64991,Production Technician I,1886,27 September 1988,F,US Citizen,White,07 January 2008,,StillEmployed,Active,Elijiah Gray,16,Indeed,Fully Meets,4.84,5,0,03 January 2019,15
Beatrice Courtney ,10055,5,Production       ,59026,Production Technician I,1915,27 October 1970,F,Eligible NonCitizen,White,04 April 2011,,StillEmployed,Active,Elijiah Gray,16,Google Search,Fully Meets,5,5,0,14 January 2019,12
Bondwell Betsy,10267,5,Production       ,57815,Production Technician II,2210,16 January 1967,F,US Citizen,White,10 January 2011,04 April 2014,career change,Resinged,Elijiah Gray,16,Google Search,Fully Meets,4.8,5,0,04 March 2014,5
Chan Lin,10210,5,Production       ,54237,Production Technician I,2170,12 February 1979,F,US Citizen,White,12 May 2014,,StillEmployed,Active,Elijiah Gray,16,Indeed,Fully Meets,3.3,4,0,19 February 2019,11
Darson Jene'ya ,10056,5,Production       ,57583,Production Technician I,2110,05 November 1978,F,US Citizen,White,02 July 2012,,StillEmployed,Active,Elijiah Gray,16,Indeed,Fully Meets,5,3,0,25 February 2019,1
Evensen April,10296,5,Production       ,59124,Production Technician I,2458,06 May 1989,F,US Citizen,White,17 February 2014,25 February 2018,"no-call, no-show",Terminated ,Elijiah Gray,16,Google Search,Needs Improvement,2.3,3,0,15 January 2017,19
Faller Megan ,10263,5,Production       ,71776,Production Technician II,1824,22 September 1978,F,US Citizen,Black or African American,07 July 2014,,StillEmployed,Active,Elijiah Gray,16,LinkedIn,Fully Meets,4.4,5,0,22 February 2019,17
Gerke Melisa,10122,5,Production       ,51505,Production Technician I,2330,15 May 1970,F,US Citizen,Black or African American,07 November 2011,15 November 2016,hours,Resinged,Elijiah Gray,16,Diversity Job Fair,Fully Meets,4.24,4,0,29 April 2016,2
Hunts Julissa,10201,5,Production       ,69340,Production Technician II,2021,11 March 1984,F,US Citizen,White,06 June 2016,,StillEmployed,Active,Elijiah Gray,16,LinkedIn,Fully Meets,3,5,0,18 January 2019,4
Jung Judy  ,10138,5,Production       ,61154,Production Technician I,2446,17 April 1986,F,US Citizen,Black or African American,10 January 2011,01 April 2016,unhappy,Resinged,Elijiah Gray,16,CareerBuilder,Fully Meets,4,4,0,03 February 2016,4
Lecter Hannibal,10251,5,Production       ,64738,Production Technician I,1776,02 September 1982,M ,US Citizen,Asian,14 May 2012,,StillEmployed,Active,Elijiah Gray,16,Google Search,Fully Meets,4.1,3,0,22 February 2019,10
Lunquist Lisa,10035,5,Production       ,73330,Production Technician II,2324,28 March 1982,F,US Citizen,Black or African American,19 August 2013,,StillEmployed,Active,Elijiah Gray,16,Indeed,Exceeds,4.2,4,0,12 February 2019,19
Lydon Allison,10057,5,Production       ,52057,Production Technician I,2122,22 October 1975,F,US Citizen,Black or African American,16 February 2015,,StillEmployed,Active,Elijiah Gray,16,Website,Fully Meets,5,3,0,23 January 2019,6
Motlagh  Dawn,10254,5,Production       ,63430,Production Technician I,2453,07 July 1984,F,US Citizen,White,01 April 2013,,StillEmployed,Active,Elijiah Gray,16,LinkedIn,Fully Meets,4.4,4,0,17 January 2019,18
Nowlan Kristie,10104,5,Production       ,66738,Production Technician II,1040,23 November 1985,F,US Citizen,White,10 November 2014,,StillEmployed,Active,Elijiah Gray,16,Indeed,Fully Meets,4.53,5,0,16 January 2019,5
Panjwani Nina,10148,5,Production       ,63515,Production Technician I,2351,01 May 1979,F,US Citizen,White,07 February 2011,12 January 2014,Another position,Resinged,Elijiah Gray,16,Google Search,Fully Meets,3.89,4,0,04 March 2013,7
Rhoads Thomas,10058,5,Production       ,45115,Production Technician I,2176,22 July 1982,M ,US Citizen,White,16 May 2011,15 January 2016,retiring,Resinged,Elijiah Gray,16,LinkedIn,Fully Meets,5,4,0,30 March 2015,11
Sander Kamrin,10169,5,Production       ,56147,Production Technician I,2154,10 July 1988,F,US Citizen,Black or African American,29 September 2014,,StillEmployed,Active,Elijiah Gray,16,LinkedIn,Fully Meets,3.51,3,0,18 February 2019,2
Smith Joe,10027,5,Production       ,60656,Production Technician II,2045,30 October 1963,M ,US Citizen,White,29 September 2014,,StillEmployed,Active,Elijiah Gray,16,Indeed,Exceeds,4.3,3,0,28 January 2019,4
Sutwell Barbara,10209,5,Production       ,59238,Production Technician I,2718,15 August 1968,F,Eligible NonCitizen,Asian,14 May 2012,,StillEmployed,Active,Elijiah Gray,16,Indeed,Fully Meets,3.4,5,0,31 January 2019,13
Tejeda Lenora ,10146,5,Production       ,72202,Production Technician II,2129,24 May 1953,F,US Citizen,White,16 May 2011,08 July 2017,Another position,Resinged,Elijiah Gray,16,Google Search,Fully Meets,3.93,3,0,18 April 2017,3
Wallace Theresa,10293,5,Production       ,50274,Production Technician I,1887,02 August 1980,F,US Citizen,White,13 August 2012,01 September 2015,career change,Resinged,Elijiah Gray,16,CareerBuilder,Needs Improvement,2.5,3,0,05 September 2014,13
Barone Francesco  A,10265,5,Production       ,58709,Production Technician I,1810,20 July 1983,M ,US Citizen,Two or more races,20 February 2012,,StillEmployed,Active,Kelley Spirea,18,Google Search,Fully Meets,4.6,4,0,14 February 2019,7
Bates Norman,10061,5,Production       ,57834,Production Technician I,2050,18 October 1981,M ,US Citizen,White,21 February 2011,04 August 2017,attendance,Terminated ,Kelley Spirea,18,Google Search,Fully Meets,5,4,0,05 April 2017,20
Beak Kimberly  ,10023,5,Production       ,70131,Production Technician II,2145,17 April 1966,F,US Citizen,White,21 July 2016,,StillEmployed,Active,Kelley Spirea,18,Employee Referral,Exceeds,4.4,3,0,14 January 2019,16
Carey Michael  ,10115,5,Production       ,52846,Production Technician I,1701,02 February 1983,M ,US Citizen,Black or African American,31 March 2014,,StillEmployed,Active,Kelley Spirea,18,LinkedIn,Fully Meets,4.43,3,0,01 February 2019,14
Cornett Lisa ,10094,5,Production       ,63381,Production Technician I,2189,31 March 1977,F,US Citizen,White,05 January 2015,,StillEmployed,Active,Kelley Spirea,18,Indeed,Fully Meets,4.73,5,0,14 February 2019,6
Demita Carla,10100,5,Production       ,58275,Production Technician II,2343,25 February 1951,F,US Citizen,Black or African American,04 April 2011,04 November 2015,more money,Resinged,Kelley Spirea,18,Google Search,Fully Meets,4.62,5,0,06 May 2015,1
Engdahl Jean,10247,5,Production       ,48888,Production Technician I,2026,31 May 1974,M ,US Citizen,White,10 November 2014,,StillEmployed,Active,Kelley Spirea,18,LinkedIn,Fully Meets,4.7,5,0,13 February 2019,8
England Rex,10235,5,Production       ,54285,Production Technician I,2045,25 August 1978,M ,US Citizen,White,31 March 2014,,StillEmployed,Active,Kelley Spirea,18,Employee Referral,Fully Meets,4.2,3,0,11 January 2019,3
Gaul Barbara,10257,5,Production       ,53171,Production Technician I,2121,02 December 1983,F,US Citizen,Black or African American,16 May 2011,,StillEmployed,Active,Kelley Spirea,18,LinkedIn,Fully Meets,4.2,4,0,26 February 2019,12
Gross Paula,10059,5,Production       ,63813,Production Technician I,2176,21 May 1983,F,US Citizen,White,21 February 2011,11 January 2014,more money,Resinged,Kelley Spirea,18,CareerBuilder,Fully Meets,5,5,0,03 June 2013,17
Hankard Earnest,10074,5,Production       ,64246,Production Technician II,2155,10 August 1988,M ,US Citizen,White,11 November 2013,,StillEmployed,Active,Kelley Spirea,18,LinkedIn,Fully Meets,5,3,0,08 January 2019,20
Hendrickson Trina,10075,5,Production       ,68099,Production Technician II,2021,27 August 1972,F,US Citizen,White,10 January 2011,18 June 2013,hours,Resinged,Kelley Spirea,18,CareerBuilder,Fully Meets,5,3,0,30 January 2013,15
Jhaveri Sneha  ,10060,5,Production       ,60436,Production Technician I,2109,13 April 1964,F,US Citizen,White,06 January 2014,,StillEmployed,Active,Kelley Spirea,18,LinkedIn,Fully Meets,5,5,0,21 January 2019,9
Linden Mathew,10137,5,Production       ,63450,Production Technician II,1770,19 March 1979,M ,US Citizen,White,08 July 2013,,StillEmployed,Active,Kelley Spirea,18,LinkedIn,Fully Meets,4,3,0,18 February 2019,7
Meads Elizabeth,10128,5,Production       ,62659,Production Technician I,1760,30 May 1968,F,US Citizen,Black or African American,02 April 2012,11 November 2016,Another position,Resinged,Kelley Spirea,18,Diversity Job Fair,Fully Meets,4.18,4,0,05 February 2016,17
Moran Patrick,10223,5,Production       ,72106,Production Technician II,2127,03 December 1976,M ,US Citizen,Black or African American,09 January 2012,,StillEmployed,Active,Kelley Spirea,18,Diversity Job Fair,Fully Meets,4.1,4,0,31 January 2019,12
Osturnka Adeel,10021,5,Production       ,47414,Production Technician I,2478,11 December 1976,M ,US Citizen,White,30 September 2013,,StillEmployed,Active,Kelley Spirea,18,LinkedIn,Exceeds,5,3,0,07 February 2019,13
Punjabhi Louis  ,10225,5,Production       ,59472,Production Technician I,2109,19 June 1961,M ,US Citizen,White,06 January 2014,,StillEmployed,Active,Kelley Spirea,18,Employee Referral,Fully Meets,4.8,3,0,07 January 2019,14
Saar-Beckles Melinda,10295,5,Production       ,47750,Production Technician I,1801,06 June 1968,F,US Citizen,Black or African American,04 July 2016,,StillEmployed,Active,Kelley Spirea,18,Diversity Job Fair,Needs Improvement,2.6,4,0,18 February 2019,4
Sahoo Adil,10233,5,Production       ,57975,Production Technician II,2062,26 April 1986,M ,US Citizen,White,30 August 2010,,StillEmployed,Active,Kelley Spirea,18,CareerBuilder,Fully Meets,4.1,3,0,10 January 2019,13
Stoica Rick,10266,5,Production       ,61355,Production Technician I,2301,14 March 1985,M ,US Citizen,Asian,17 February 2014,,StillEmployed,Active,Kelley Spirea,18,LinkedIn,Fully Meets,4.7,3,0,11 January 2019,4
Volk Colleen,10022,5,Production       ,49773,Production Technician I,2747,03 June 1986,F,US Citizen,White,26 September 2011,08 February 2016,gross misconduct,Terminated ,Kelley Spirea,18,Google Search,Exceeds,4.3,5,0,01 February 2015,18
Athwal Sam,10062,5,Production       ,59365,Production Technician I,2199,18 February 1983,M ,US Citizen,White,30 September 2013,,StillEmployed,Active,Ketsia Liebig,19,Employee Referral,Fully Meets,5,4,0,25 February 2019,19
Biden Lowan  M,10226,5,Production       ,64919,Production Technician I,2027,27 December 1958,F,US Citizen,Asian,19 August 2013,,StillEmployed,Active,Ketsia Liebig,19,Indeed,Fully Meets,4.2,3,0,10 January 2019,2
Burkett Benjamin ,10181,5,Production       ,62162,Production Technician II,1890,19 August 1977,M ,US Citizen,White,04 April 2011,,StillEmployed,Active,Ketsia Liebig,19,Indeed,Fully Meets,3.25,5,0,14 January 2019,15
Cierpiszewski Caroline  ,10168,5,Production       ,64816,Production Technician I,2044,31 May 1988,F,Non-Citizen,Black or African American,03 October 2011,,StillEmployed,Active,Ketsia Liebig,19,Indeed,Fully Meets,3.58,5,0,30 January 2019,3
Dickinson Geoff ,10276,5,Production       ,51259,Production Technician I,2180,15 November 1982,M ,US Citizen,White,12 May 2014,,StillEmployed,Active,Ketsia Liebig,19,Indeed,Fully Meets,4.3,4,0,19 February 2019,1
Dunne Amy,10211,5,Production       ,62514,Production Technician I,1749,23 September 1973,F,US Citizen,White,26 April 2010,,StillEmployed,Active,Ketsia Liebig,19,Google Search,Fully Meets,2.9,3,0,21 January 2019,6
Foreman Tanya,10163,5,Production       ,55965,Production Technician II,2170,08 November 1983,F,US Citizen,White,04 April 2011,09 January 2013,career change,Resinged,Ketsia Liebig,19,Google Search,Fully Meets,3.66,3,0,07 January 2012,6
Gold Shenice  ,10243,5,Production       ,53018,Production Technician I,2451,18 June 1992,F,US Citizen,White,11 November 2013,,StillEmployed,Active,Ketsia Liebig,19,Indeed,Fully Meets,4.3,5,0,18 February 2019,7
Heitzman Anthony,10129,5,Production       ,46998,Production Technician I,2149,04 January 1984,M ,US Citizen,White,13 August 2012,,StillEmployed,Active,Ketsia Liebig,19,Google Search,Fully Meets,4.17,4,0,11 February 2019,1
Hudson Jane,10248,5,Production       ,55425,Production Technician I,2176,10 June 1986,F,US Citizen,White,20 February 2012,,StillEmployed,Active,Ketsia Liebig,19,LinkedIn,Fully Meets,4.8,4,0,07 January 2019,4
Jeannite Tayana,10009,5,Production       ,60724,Production Technician II,1821,06 November 1986,F,US Citizen,American Indian or Alaska Native,05 July 2011,,StillEmployed,Active,Ketsia Liebig,19,LinkedIn,Exceeds,4.6,4,0,25 February 2019,11
Knapp Bradley  J,10208,5,Production       ,46654,Production Technician I,1721,10 November 1977,M ,US Citizen,Black or African American,17 February 2014,,StillEmployed,Active,Ketsia Liebig,19,LinkedIn,Fully Meets,3.1,3,0,06 February 2019,3
Mahoney Lauren  ,10219,5,Production       ,45395,Production Technician I,2189,07 July 1986,F,US Citizen,White,06 January 2014,,StillEmployed,Active,Ketsia Liebig,19,LinkedIn,Fully Meets,4.6,4,0,26 February 2019,14
Carthy B'rigit,10076,5,Production       ,55315,Production Technician II,2149,21 May 1987,F,US Citizen,Black or African American,30 March 2015,,StillEmployed,Active,Ketsia Liebig,19,LinkedIn,Fully Meets,5,5,0,07 February 2019,16
Newman Richard ,10063,5,Production       ,48495,Production Technician I,2136,08 April 1977,M ,US Citizen,White,12 May 2014,,StillEmployed,Active,Ketsia Liebig,19,LinkedIn,Fully Meets,5,5,0,18 February 2019,11
Peters Lauren,10032,5,Production       ,57954,Production Technician II,1886,17 August 1986,F,US Citizen,White,16 May 2011,04 February 2013,more money,Resinged,Ketsia Liebig,19,Indeed,Exceeds,4.2,5,0,10 January 2013,12
Robinson Cherly,10285,5,Production       ,61422,Production Technician I,1460,07 January 1985,F,US Citizen,White,10 January 2011,17 May 2016,attendance,Terminated ,Ketsia Liebig,19,Indeed,Needs Improvement,3.6,3,0,05 April 2016,16
Smith Sade,10157,5,Production       ,58939,Production Technician I,2130,02 February 1965,F,US Citizen,White,11 November 2013,,StillEmployed,Active,Ketsia Liebig,19,Employee Referral,Fully Meets,3.73,3,0,24 January 2019,16
Walker Roger,10190,5,Production       ,66541,Production Technician II,2459,10 February 1976,M ,US Citizen,Black or African American,18 August 2014,,StillEmployed,Active,Ketsia Liebig,19,Employee Referral,Fully Meets,3.11,5,0,12 February 2019,4
Wilkes Annie,10204,5,Production       ,58062,Production Technician I,1876,30 July 1983,F,US Citizen,White,10 January 2011,14 May 2012,Another position,Resinged,Ketsia Liebig,19,Google Search,Fully Meets,3.6,5,0,06 February 2011,9
Williams Jacquelyn  ,10264,5,Production       ,59728,Production Technician I,2109,02 October 1969,F,US Citizen,Black or African American,09 January 2012,27 June 2015,relocation out of area,Resinged,Ketsia Liebig,19,Diversity Job Fair,Fully Meets,4.3,4,0,02 June 2014,16
Akinkuolie Sarah,10196,5,Production       ,64955,Production Technician II,1810,19 September 1988,F,US Citizen,White,05 July 2011,24 September 2012,hours,Resinged,Kissy Sullivan,20,LinkedIn,Fully Meets,3.02,3,0,15 May 2012,3
Barbara Thomas,10242,5,Production       ,47211,Production Technician I,2062,21 February 1974,M ,US Citizen,Black or African American,02 April 2012,19 September 2016,unhappy,Resinged,Kissy Sullivan,20,Diversity Job Fair,Fully Meets,4.2,3,0,06 May 2016,15
Bugali Josephine ,10203,5,Production       ,64375,Production Technician I,2043,30 October 1969,F,US Citizen,Black or African American,11 November 2013,,StillEmployed,Active,Kissy Sullivan,20,Diversity Job Fair,Fully Meets,3.5,5,0,21 January 2019,17
Cole Spencer,10292,5,Production       ,59144,Production Technician I,1880,12 August 1979,M ,US Citizen,Black or African American,11 July 2011,23 September 2016,performance,Terminated ,Kissy Sullivan,20,LinkedIn,Needs Improvement,2,3,0,01 May 2016,16
Davis Daniel,10143,5,Production       ,56294,Production Technician II,2458,14 September 1979,M ,Eligible NonCitizen,Two or more races,07 November 2011,,StillEmployed,Active,Kissy Sullivan,20,LinkedIn,Fully Meets,3.96,4,0,27 February 2019,6
Eaton Marianne,10064,5,Production       ,60070,Production Technician I,2343,05 September 1991,F,US Citizen,White,04 April 2011,06 June 2017,military,Resinged,Kissy Sullivan,20,Google Search,Fully Meets,5,3,0,09 April 2017,7
Gosciminski Phylicia  ,10218,5,Production       ,66149,Production Technician II,1824,08 December 1983,F,US Citizen,American Indian or Alaska Native,30 September 2013,,StillEmployed,Active,Kissy Sullivan,20,Google Search,Fully Meets,4.4,5,0,21 February 2019,1
Goyal Roxana,10256,5,Production       ,49256,Production Technician I,1864,09 October 1974,F,US Citizen,Asian,19 August 2013,,StillEmployed,Active,Kissy Sullivan,20,LinkedIn,Fully Meets,4.1,5,0,15 February 2019,3
Jacobi Hannah  ,10236,5,Production       ,45069,Production Technician I,1778,22 March 1966,F,US Citizen,White,30 September 2013,,StillEmployed,Active,Kissy Sullivan,20,Employee Referral,Fully Meets,4.3,5,0,22 February 2019,7
Latif Mohammed,10249,5,Production       ,61962,Production Technician II,2126,09 May 1984,M ,US Citizen,White,02 April 2012,15 April 2013,more money,Resinged,Kissy Sullivan,20,Google Search,Fully Meets,4.9,3,0,20 February 2013,20
Leach Dallas,10087,5,Production       ,63676,Production Technician I,1810,17 January 1979,F,US Citizen,Asian,26 September 2011,19 August 2018,return to school,Resinged,Kissy Sullivan,20,CareerBuilder,Fully Meets,4.88,3,0,02 July 2017,17
Mckenna Sandy,10145,5,Production       ,62810,Production Technician I,2184,07 January 1987,F,US Citizen,Black or African American,07 January 2013,,StillEmployed,Active,Kissy Sullivan,20,CareerBuilder,Fully Meets,3.93,3,0,30 January 2019,20
Monterro Luisa,10025,5,Production       ,72460,Production Technician II,2126,24 April 1970,F,US Citizen,Black or African American,13 May 2013,,StillEmployed,Active,Kissy Sullivan,20,Indeed,Exceeds,4.7,3,0,14 January 2019,1
Myers Michael,10216,5,Production       ,57575,Production Technician I,1550,18 April 1980,M ,US Citizen,Asian,08 July 2013,,StillEmployed,Active,Kissy Sullivan,20,LinkedIn,Fully Meets,4.1,4,0,22 January 2019,13
O'hare Lynn,10303,5,Production       ,52674,Production Technician I,2152,30 September 1980,F,US Citizen,Two or more races,31 March 2014,01 May 2018,performance,Terminated ,Kissy Sullivan,20,LinkedIn,PIP,2.33,2,0,09 March 2018,3
Power Morissa,10187,5,Production       ,46799,Production Technician I,1742,15 October 1984,F,Eligible NonCitizen,Asian,16 May 2011,04 June 2018,Another position,Resinged,Kissy Sullivan,20,Google Search,Fully Meets,3.17,4,0,02 April 2018,14
Purinton Janine,10262,5,Production       ,46430,Production Technician I,2474,22 September 1970,F,US Citizen,White,24 September 2012,18 June 2013,unhappy,Resinged,Kissy Sullivan,20,Indeed,Fully Meets,4.5,5,0,02 April 2013,16
Robertson Peter,10224,5,Production       ,55578,Production Technician II,2138,03 July 1972,M ,US Citizen,White,05 July 2011,08 February 2012,Another position,Resinged,Kissy Sullivan,20,Indeed,Fully Meets,4.2,5,0,06 January 2012,13
Rossetti Bruno,10065,5,Production       ,53180,Production Technician I,2155,18 March 1987,M ,US Citizen,White,04 April 2011,13 August 2018,Another position,Resinged,Kissy Sullivan,20,Google Search,Fully Meets,5,5,0,02 July 2018,4
StanfordBarbara  M,10278,5,Production       ,47961,Production Technician I,2050,25 August 1982,F,US Citizen,Two or more races,10 January 2011,,StillEmployed,Active,Kissy Sullivan,20,Google Search,Fully Meets,4.1,4,0,07 February 2019,9
Veera Abdellah ,10014,5,Production       ,58523,Production Technician I,2171,31 January 1987,M ,US Citizen,White,13 August 2012,05 February 2016,maternity leave - did not return,Resinged,Kissy Sullivan,20,LinkedIn,Exceeds,4.5,5,0,01 February 2016,15
Woodson Jason,10135,5,Production       ,65893,Production Technician II,1810,11 May 1985,M ,US Citizen,White,07 July 2014,,StillEmployed,Active,Kissy Sullivan,20,LinkedIn,Fully Meets,4.07,4,0,28 February 2019,13
Adinolfi Wilson  K,10026,5,Production       ,62506,Production Technician I,1960,10 July 1983,M ,US Citizen,White,05 July 2011,,StillEmployed,Active,Michael Albert,22,LinkedIn,Exceeds,4.6,5,0,17 January 2019,1
Barton Nader,10066,5,Production       ,52505,Production Technician I,2747,15 July 1977,M ,US Citizen,White,24 September 2012,06 April 2017,Another position,Resinged,Michael Albert,22,On-line Web application,Fully Meets,5,5,0,02 March 2017,1
Blount Dianna,10294,5,Production       ,66441,Production Technician II,2171,21 September 1990,F,US Citizen,White,04 April 2011,,StillEmployed,Active,Michael Albert,22,CareerBuilder,Needs Improvement,2,3,0,27 February 2019,3
Chace Beatrice ,10067,5,Production       ,61656,Production Technician I,2763,02 January 1951,F,US Citizen,White,29 September 2014,,StillEmployed,Active,Michael Albert,22,Google Search,Fully Meets,5,4,0,12 February 2019,11
Crimmings   Jean,10132,5,Production       ,56149,Production Technician I,1821,10 April 1987,F,US Citizen,White,06 July 2016,,StillEmployed,Active,Michael Albert,22,LinkedIn,Fully Meets,4.12,5,0,28 January 2019,15
Erilus Angela,10299,5,Production       ,56847,Production Technician II,2133,25 August 1989,F,US Citizen,White,07 July 2014,,StillEmployed,Active,Michael Albert,22,Indeed,PIP,3,1,0,25 February 2019,5
Estremera Miguel,10280,5,Production       ,60340,Production Technician I,2129,02 September 1983,M ,US Citizen,White,02 April 2012,27 September 2018,attendance,Terminated ,Michael Albert,22,Google Search,Needs Improvement,5,4,0,12 April 2018,16
Gentry Mildred,10159,5,Production       ,51337,Production Technician I,2145,01 October 1990,F,US Citizen,Black or African American,30 March 2015,,StillEmployed,Active,Michael Albert,22,LinkedIn,Fully Meets,3.73,3,0,16 January 2019,19
Handschiegl Joanne,10125,5,Production       ,54828,Production Technician I,2127,23 March 1977,F,US Citizen,White,28 November 2011,,StillEmployed,Active,Michael Albert,22,Google Search,Fully Meets,4.2,4,0,22 February 2019,13
Johnson George,10034,5,Production       ,46837,Production Technician I,2445,19 August 1959,M ,US Citizen,White,07 November 2011,29 April 2018,more money,Resinged,Michael Albert,22,CareerBuilder,Exceeds,4.7,4,0,14 February 2018,9
Keatts Kramer ,10192,5,Production       ,50482,Production Technician I,1887,19 January 1976,M ,US Citizen,White,30 September 2013,,StillEmployed,Active,Michael Albert,22,Indeed,Fully Meets,3.07,4,0,23 January 2019,10
Linares Marilyn ,10186,5,Production       ,52624,Production Technician I,1886,26 March 1981,F,US Citizen,White,05 July 2011,26 September 2018,unhappy,Resinged,Michael Albert,22,Indeed,Fully Meets,3.18,4,0,02 March 2018,16
Lundy Susan,10096,5,Production       ,67237,Production Technician II,2122,26 December 1976,F,US Citizen,White,08 July 2013,15 September 2016,more money,Resinged,Michael Albert,22,LinkedIn,Fully Meets,4.65,4,0,10 June 2016,15
Medeiros Jennifer,10068,5,Production       ,55688,Production Technician I,2346,22 September 1976,F,US Citizen,White,30 March 2015,,StillEmployed,Active,Michael Albert,22,CareerBuilder,Fully Meets,5,4,0,21 January 2019,10
Moumanil Maliki ,10120,5,Production       ,74417,Production Technician II,1460,01 December 1974,M ,US Citizen,Black or African American,13 May 2013,,StillEmployed,Active,Michael Albert,22,LinkedIn,Fully Meets,4.29,5,0,28 January 2019,11
Owad Clinton,10281,5,Production       ,53060,Production Technician I,1760,24 November 1979,M ,US Citizen,Black or African American,17 February 2014,,StillEmployed,Active,Michael Albert,22,LinkedIn,Needs Improvement,4.25,3,0,04 February 2019,6
Rarrick Quinn,10152,5,Production       ,61729,Production Technician I,2478,31 December 1984,M ,US Citizen,White,26 September 2011,07 April 2018,more money,Resinged,Michael Albert,22,Indeed,Fully Meets,3.8,5,0,04 February 2018,19
Sadki Nore  ,10260,5,Production       ,46428,Production Technician I,2148,21 December 1974,M ,US Citizen,White,05 January 2009,30 July 2018,relocation out of area,Resinged,Michael Albert,22,Google Search,Fully Meets,4.6,5,0,05 February 2018,7
Sloan Constance,10095,5,Production       ,63878,Production Technician II,1851,25 November 1987,F,US Citizen,White,26 October 2009,08 April 2015,maternity leave - did not return,Resinged,Michael Albert,22,CareerBuilder,Fully Meets,4.68,4,0,02 April 2015,20
Sullivan Timothy,10117,5,Production       ,63025,Production Technician I,2747,07 October 1982,M ,US Citizen,White,05 January 2015,,StillEmployed,Active,Michael Albert,22,Google Search,Fully Meets,4.36,5,0,24 January 2019,10
Von Massenbach Anna,10183,5,Production       ,62068,Production Technician I,2124,06 April 1985,F,US Citizen,White,05 July 2015,,StillEmployed,Active,Michael Albert,22,LinkedIn,Fully Meets,3.21,3,0,29 January 2019,7
Homberger Adrienne  J,10195,5,Production       ,63478,Production Technician II,2445,16 February 1984,F,Non-Citizen,White,15 August 2011,07 April 2012,relocation out of area,Resinged,Michael Albert,30,Indeed,Fully Meets,3.03,5,0,05 March 2012,16
Anderson Carol ,10069,5,Production       ,50825,Production Technician I,2169,08 September 1989,F,US Citizen,White,11 July 2011,06 September 2016,return to school,Resinged,Webster Butler,39,Google Search,Fully Meets,5,4,0,01 February 2016,2
Becker Scott,10277,5,Production       ,53250,Production Technician I,2452,06 April 1979,M ,US Citizen,Asian,08 July 2013,,StillEmployed,Active,Webster Butler,39,LinkedIn,Fully Meets,4.2,4,0,11 January 2019,13
Buccheri Joseph  ,10184,5,Production       ,65288,Production Technician II,1013,28 July 1983,M ,US Citizen,White,29 September 2014,,StillEmployed,Active,Webster Butler,39,Google Search,Fully Meets,3.19,3,0,01 February 2019,9
Chang Donovan  E,10154,5,Production       ,60380,Production Technician I,1845,24 August 1983,M ,US Citizen,White,08 July 2013,,StillEmployed,Active,Webster Butler,39,LinkedIn,Fully Meets,3.8,5,0,14 January 2019,4
DeGweck  James,10070,5,Production       ,55722,Production Technician I,1810,31 October 1977,M ,US Citizen,White,16 May 2011,08 June 2016,unhappy,Resinged,Webster Butler,39,Indeed,Fully Meets,5,4,0,02 April 2016,14
Fancett Nicole,10136,5,Production       ,65902,Production Technician II,2324,27 September 1987,F,US Citizen,Black or African American,17 February 2014,,StillEmployed,Active,Webster Butler,39,LinkedIn,Fully Meets,4,4,0,07 January 2019,7
Ferguson Susan,10189,5,Production       ,57748,Production Technician I,2176,14 April 1955,F,US Citizen,White,07 November 2011,17 May 2016,military,Resinged,Webster Butler,39,Google Search,Fully Meets,3.13,3,0,04 February 2016,16
Gilles Alex,10283,5,Production       ,54933,Production Technician I,2062,09 August 1974,M ,US Citizen,Black or African American,02 April 2012,25 June 2015,military,Resinged,Webster Butler,39,Diversity Job Fair,Needs Improvement,3.97,4,0,20 January 2015,15
Harrington Christie ,10097,5,Production       ,52177,Production Technician I,2324,18 August 1952,F,US Citizen,White,09 January 2012,15 December 2015,retiring,Resinged,Webster Butler,39,CareerBuilder,Fully Meets,4.64,4,0,02 May 2015,8
Hutter Rosalie,10214,5,Production       ,64995,Production Technician II,2351,07 May 1992,F,US Citizen,White,05 June 2015,,StillEmployed,Active,Webster Butler,39,Indeed,Fully Meets,4.5,3,0,14 February 2019,6
Kinsella Kathleen  ,10166,5,Production       ,54005,Production Technician I,2170,08 December 1973,F,US Citizen,White,26 September 2011,04 June 2015,more money,Resinged,Webster Butler,39,Google Search,Fully Meets,3.6,5,0,01 March 2015,16
Lynch Lindsay,10004,5,Production       ,47434,Production Technician I,1844,14 February 1973,F,US Citizen,Black or African American,07 November 2011,14 November 2015,Another position,Resinged,Webster Butler,39,Diversity Job Fair,Exceeds,5,4,0,02 February 2015,17
Manchester Robyn,10077,5,Production       ,62385,Production Technician II,2324,25 August 1976,F,US Citizen,White,11 May 2016,,StillEmployed,Active,Webster Butler,39,LinkedIn,Fully Meets,5,3,0,21 January 2019,4
Ndzi Colombui,10215,5,Production       ,50470,Production Technician I,2110,02 May 1989,M ,US Citizen,Black or African American,26 September 2011,04 April 2014,return to school,Resinged,Webster Butler,39,Diversity Job Fair,Fully Meets,4.3,3,0,02 March 2013,19
Oliver Brooke ,10078,5,Production       ,71966,Production Technician II,2492,11 February 1952,F,US Citizen,Asian,14 May 2012,19 August 2013,unhappy,Resinged,Webster Butler,39,LinkedIn,Fully Meets,5,3,0,02 July 2013,17
Smith Martin,10286,5,Production       ,53564,Production Technician I,2458,17 March 1988,M ,US Citizen,Black or African American,10 January 2011,28 December 2017,career change,Resinged,Webster Butler,39,Google Search,Needs Improvement,3.54,5,0,06 April 2017,15
Rivera Haley  ,10011,5,Production       ,46738,Production Technician I,2171,12 January 1973,F,US Citizen,Asian,28 November 2011,,StillEmployed,Active,Webster Butler,39,Google Search,Exceeds,4.36,5,0,11 February 2019,16
Sewkumar Nori,10071,5,Production       ,50923,Production Technician I,2191,10 March 1975,F,US Citizen,Asian,30 September 2013,,StillEmployed,Active,Webster Butler,39,Google Search,Fully Meets,5,5,0,06 February 2019,14
Tavares Desiree  ,10221,5,Production       ,60754,Production Technician I,1801,03 April 1975,F,Non-Citizen,Black or African American,27 April 2009,01 April 2013,Another position,Resinged,Webster Butler,39,Diversity Job Fair,Fully Meets,4.5,5,0,15 February 2012,11
Thibaud Kenneth,10268,5,Production       ,67176,Production Technician II,2472,16 September 1975,M ,US Citizen,White,25 June 2007,30 August 2010,military,Resinged,Webster Butler,39,Other,Fully Meets,4.1,4,0,14 July 2010,15
Whittier Scott,10072,5,Production       ,58371,Production Technician I,2030,24 May 1987,M ,US Citizen,White,10 January 2011,15 May 2014,hours,Resinged,Webster Butler,39,LinkedIn,Fully Meets,5,5,0,15 May 2014,11
Quinn Sean,10131,4,Software Engineering,83363,Software Engineer,2045,06 November 1984,M ,Eligible NonCitizen,Black or African American,21 February 2011,15 August 2015,career change,Resinged,Janet King,2,Diversity Job Fair,Fully Meets,4.15,4,0,19 April 2014,4
Cady Max ,10150,4,Software Engineering,77692,Software Engineering Manager,2184,22 November 1966,M ,US Citizen,White,15 August 2011,,StillEmployed,Active,Jennifer Zamora,5,Google Search,Fully Meets,3.84,3,5,21 January 2019,4
Andreola Colby,10194,4,Software Engineering,95660,Software Engineer,2110,24 May 1979,F,US Citizen,White,10 November 2014,,StillEmployed,Active,Alex Sweetwater,10,LinkedIn,Fully Meets,3.04,3,4,02 January 2019,19
Carabbio Judith,10085,4,Software Engineering,93396,Software Engineer,2132,05 April 1987,F,US Citizen,White,11 November 2013,,StillEmployed,Active,Alex Sweetwater,10,Indeed,Fully Meets,4.96,4,6,30 January 2019,3
Del Bosque Keyla,10155,4,Software Engineering,101199,Software Engineer,2176,05 July 1979,F,US Citizen,Black or African American,09 January 2012,,StillEmployed,Active,Alex Sweetwater,10,CareerBuilder,Fully Meets,3.79,5,5,25 January 2019,8
Exantus Susan,10290,4,Software Engineering,99280,Software Engineer,1749,15 May 1987,F,US Citizen,Black or African American,02 May 2011,05 June 2013,attendance,Terminated ,Alex Sweetwater,10,Indeed,Needs Improvement,2.1,5,4,10 August 2012,19
Martin Sandra,10110,4,Software Engineering,105688,Software Engineer,2135,07 November 1987,F,US Citizen,Asian,11 November 2013,,StillEmployed,Active,Alex Sweetwater,10,Google Search,Fully Meets,4.5,5,4,14 January 2019,14
Patronick Lucas,10005,4,Software Engineering,108987,Software Engineer,1844,20 February 1979,M ,US Citizen,Black or African American,07 November 2011,07 September 2015,Another position,Resinged,Alex Sweetwater,10,Diversity Job Fair,Exceeds,5,5,3,16 August 2015,13
Saada Adell,10126,4,Software Engineering,86214,Software Engineer,2132,24 July 1986,F,US Citizen,White,05 November 2012,,StillEmployed,Active,Alex Sweetwater,10,Indeed,Fully Meets,4.2,3,6,13 February 2019,2
Szabo Andrew,10024,4,Software Engineering,92989,Software Engineer,2140,06 May 1983,M ,US Citizen,White,07 July 2014,,StillEmployed,Active,Alex Sweetwater,10,LinkedIn,Exceeds,4.5,5,5,18 February 2019,1
True Edward,10102,4,Software Engineering,100416,Software Engineer,2451,14 June 1983,M ,Non-Citizen,Black or African American,18 February 2013,15 April 2018,medical issues,Resinged,Alex Sweetwater,10,Diversity Job Fair,Fully Meets,4.6,3,4,12 February 2017,9
Zamora Jennifer,10010,3,IT/IS,220450,CIO,2067,30 August 1979,F,US Citizen,White,10 April 2010,,StillEmployed,Active,Janet King,2,Employee Referral,Exceeds,4.6,5,6,21 February 2019,16
Ait Sidi Karthikeyan   ,10084,3,IT/IS,104437,Sr. DBA,2148,05 May 1975,M ,US Citizen,White,30 March 2015,16 June 2016,career change,Resinged,Simon Roup,4,Indeed,Fully Meets,4.96,3,6,24 February 2016,17
Barbossa Hector,10012,3,IT/IS,92328,Data Analyst,78230,04 July 1988,M ,US Citizen,Black or African American,10 November 2014,,StillEmployed,Active,Simon Roup,4,Diversity Job Fair,Exceeds,4.28,4,5,25 February 2019,9
Becker Renee,10245,3,IT/IS,110000,Database Administrator,2026,04 April 1986,F,US Citizen,White,07 July 2014,12 September 2015,performance,Terminated ,Simon Roup,4,Google Search,Fully Meets,4.5,4,5,15 January 2015,8
Booth Frank,10199,3,IT/IS,103613,Enterprise Architect,6033,30 July 1964,M ,US Citizen,Black or African American,17 February 2014,19 February 2016,Learned that he is a gangster,Terminated ,Simon Roup,4,LinkedIn,Fully Meets,3.5,5,7,10 January 2016,2
Carr Claudia  N,10082,3,IT/IS,100031,Sr. DBA,1886,06 June 1986,F,US Citizen,Black or African American,30 June 2016,,StillEmployed,Active,Simon Roup,4,LinkedIn,Fully Meets,5,5,6,18 February 2019,7
Costello Frank,10193,3,IT/IS,83552,Data Analyst,1810,26 August 1986,M ,US Citizen,White,30 March 2015,,StillEmployed,Active,Simon Roup,4,Indeed,Fully Meets,3.04,3,6,22 January 2019,2
Goble Taisha,10246,3,IT/IS,114800,Database Administrator,2127,23 October 1971,F,US Citizen,White,16 February 2015,15 March 2015,"no-call, no-show",Terminated ,Simon Roup,4,Indeed,Fully Meets,4.6,4,4,20 January 2015,10
Horton Jayne,10112,3,IT/IS,97999,Database Administrator,2493,21 February 1984,F,US Citizen,White,30 March 2015,,StillEmployed,Active,Simon Roup,4,Indeed,Fully Meets,4.48,5,6,03 January 2019,4
Johnson Noelle ,10156,3,IT/IS,105700,Database Administrator,2301,07 November 1986,F,US Citizen,Asian,05 January 2015,,StillEmployed,Active,Simon Roup,4,Indeed,Fully Meets,3.75,3,5,11 February 2019,2
Pearson Randall,10259,3,IT/IS,93093,Data Analyst,2747,05 September 1984,M ,US Citizen,White,01 December 2014,01 May 2016,performance,Resinged,Simon Roup,4,Employee Referral,Fully Meets,4.7,4,5,16 January 2016,19
Petrowsky Thelma,10016,3,IT/IS,93554,Data Analyst,1886,16 September 1984,F,US Citizen,Black or African American,10 November 2014,,StillEmployed,Active,Simon Roup,4,Employee Referral,Exceeds,4.6,5,7,04 January 2019,16
Roby Lori ,10162,3,IT/IS,89883,Data Analyst,1886,11 October 1981,F,US Citizen,White,16 February 2015,,StillEmployed,Active,Simon Roup,4,Employee Referral,Fully Meets,3.69,5,6,14 February 2019,15
Roehrich Bianca,10149,3,IT/IS,120000,Principal Data Architect,2703,27 May 1973,F,US Citizen,White,05 January 2015,10 November 2018,Another position,Resinged,Simon Roup,4,LinkedIn,Fully Meets,3.88,3,7,13 February 2018,12
Salter Jason,10229,3,IT/IS,88527,Data Analyst ,2452,17 December 1987,M ,US Citizen,Black or African American,05 January 2015,31 October 2015,hours,Resinged,Simon Roup,4,LinkedIn,Fully Meets,4.2,3,5,20 April 2015,2
Simard Kramer,10178,3,IT/IS,87826,Data Analyst,2110,08 February 1970,M ,US Citizen,White,05 January 2015,,StillEmployed,Active,Simon Roup,4,Employee Referral,Fully Meets,3.32,3,7,14 January 2019,16
Voldemort Lord,10118,3,IT/IS,113999,Database Administrator,1960,07 August 1986,M ,US Citizen,Black or African American,16 February 2015,22 February 2017,"no-call, no-show",Terminated ,Simon Roup,4,Employee Referral,Fully Meets,4.33,3,7,15 February 2017,9
Zhou Julia,10043,3,IT/IS,89292,Data Analyst,2148,24 February 1979,F,US Citizen,White,30 March 2015,,StillEmployed,Active,Simon Roup,4,Employee Referral,Fully Meets,5,3,5,01 February 2019,11
Champaigne Brian,10108,3,IT/IS,110929,BI Director,2045,09 February 1972,M ,US Citizen,White,06 September 2016,,StillEmployed,Active,Jennifer Zamora,5,Indeed,Fully Meets,4.5,5,7,15 January 2019,8
Dougall Eric,10028,3,IT/IS,138888,IT Manager - Support,1886,09 July 1970,M ,US Citizen,Black or African American,05 January 2014,,StillEmployed,Active,Jennifer Zamora,5,Indeed,Exceeds,4.3,5,5,04 January 2019,4
Foss Jason,10015,3,IT/IS,178000,IT Director,1460,05 July 1980,M ,US Citizen,Black or African American,15 April 2011,,StillEmployed,Active,Jennifer Zamora,5,Indeed,Exceeds,5,5,5,07 January 2019,15
Monroe Peter,10288,3,IT/IS,157000,IT Manager - Infra,2134,05 October 1986,M ,Eligible NonCitizen,Black or African American,15 February 2012,,StillEmployed,Active,Jennifer Zamora,5,Diversity Job Fair,Needs Improvement,2.39,3,6,22 February 2019,13
RoupSimon,10198,3,IT/IS,140920,IT Manager - DB,2481,05 April 1973,M ,US Citizen,White,20 January 2013,,StillEmployed,Active,Jennifer Zamora,5,Indeed,Fully Meets,3.6,5,7,18 February 2019,13
Ruiz Ricardo,10222,3,IT/IS,148999,IT Manager - DB,1915,04 January 1964,M ,US Citizen,Black or African American,09 January 2012,04 November 2015,hours,Resinged,Jennifer Zamora,5,Diversity Job Fair,Fully Meets,4.3,4,6,04 January 2015,8
Clayton Rick,10220,3,IT/IS,68678,IT Support,2170,05 September 1985,M ,US Citizen,White,05 September 2012,,StillEmployed,Active,Eric Dougall,6,Indeed,Fully Meets,4.7,3,6,27 February 2019,2
Galia Lisa,10273,3,IT/IS,65707,IT Support,6040,06 July 1968,F,US Citizen,White,01 May 2010,,StillEmployed,Active,Eric Dougall,6,LinkedIn,Fully Meets,4.7,4,5,01 February 2019,1
Lindsay Leonara ,10008,3,IT/IS,51777,IT Support,6070,05 October 1988,F,US Citizen,Black or African American,21 January 2011,,StillEmployed,Active,Eric Dougall,6,Diversity Job Fair,Exceeds,4.64,4,5,25 January 2019,14
Soto Julia ,10119,3,IT/IS,66593,IT Support,2360,12 March 1973,F,US Citizen,Black or African American,10 June 2011,,StillEmployed,Active,Eric Dougall,6,LinkedIn,Fully Meets,4.3,3,5,08 February 2019,19
Bacong Alejandro ,10250,3,IT/IS,50178,IT Support,1886,07 January 1988,M ,US Citizen,White,05 January 2015,,StillEmployed,Active,Peter Monroe,7,Indeed,Fully Meets,5,5,6,18 February 2019,16
Cross Noah,10083,3,IT/IS,92329,Sr. Network Engineer,6278,09 September 1965,M ,US Citizen,White,10 November 2014,,StillEmployed,Active,Peter Monroe,7,Employee Referral,Fully Meets,5,3,4,02 January 2019,5
Daniele Ann  ,10212,3,IT/IS,85028,Sr. Network Engineer,6033,18 January 1952,F,US Citizen,White,10 November 2014,,StillEmployed,Active,Peter Monroe,7,LinkedIn,Fully Meets,3.1,5,8,12 February 2019,19
Dolan Linda,10133,3,IT/IS,70621,IT Support,2119,18 July 1988,F,US Citizen,White,05 January 2015,,StillEmployed,Active,Peter Monroe,7,Employee Referral,Fully Meets,4.11,4,6,25 February 2019,16
Fett Boba,10309,3,IT/IS,53366,Network Engineer,2138,18 June 1987,M ,US Citizen,White,30 March 2015,,StillEmployed,Active,Peter Monroe,7,LinkedIn,PIP,1.2,3,6,04 February 2019,2
Goeth Amon,10228,3,IT/IS,74679,IT Support,2135,24 November 1989,M ,US Citizen,White,30 March 2015,,StillEmployed,Active,Peter Monroe,7,LinkedIn,Fully Meets,4.3,5,7,10 January 2019,20
Gonzalez Maria,10101,3,IT/IS,61242,IT Support,2472,16 April 1981,F,US Citizen,White,05 January 2015,,StillEmployed,Active,Peter Monroe,7,Employee Referral,Fully Meets,4.61,4,5,28 January 2019,11
Lajiri  Jyoti,10113,3,IT/IS,93206,Sr. Network Engineer,2169,23 April 1986,M ,US Citizen,White,10 November 2014,,StillEmployed,Active,Peter Monroe,7,Employee Referral,Fully Meets,4.46,5,6,07 January 2019,7
Morway Tanya,10151,3,IT/IS,52599,Network Engineer,2048,04 April 1979,F,US Citizen,White,16 February 2015,,StillEmployed,Active,Peter Monroe,7,CareerBuilder,Fully Meets,3.81,3,6,11 February 2019,6
Shepard Anita ,10179,3,IT/IS,50750,Network Engineer,1773,14 April 1981,F,US Citizen,White,30 September 2014,,StillEmployed,Active,Peter Monroe,7,LinkedIn,Fully Meets,3.31,3,6,07 January 2019,7
Soze Keyser,10180,3,IT/IS,87565,Sr. Network Engineer,1545,09 February 1983,M ,US Citizen,Asian,30 June 2016,,StillEmployed,Active,Peter Monroe,7,LinkedIn,Fully Meets,3.27,4,5,14 January 2019,13
Tredinnick Neville ,10044,3,IT/IS,75281,Network Engineer,1420,05 May 1988,M ,US Citizen,White,05 January 2015,12 February 2016,medical issues,Resinged,Peter Monroe,7,CareerBuilder,Fully Meets,5,3,5,15 April 2015,11
Turpin Jumil,10045,3,IT/IS,76029,Network Engineer,2343,31 March 1969,M ,Eligible NonCitizen,White,30 March 2015,,StillEmployed,Active,Peter Monroe,7,Employee Referral,Fully Meets,5,4,7,14 January 2019,8
Warfield Sarah,10127,3,IT/IS,107226,Sr. Network Engineer,2453,02 May 1978,F,US Citizen,Asian,30 March 2015,,StillEmployed,Active,Peter Monroe,7,Employee Referral,Fully Meets,4.2,4,8,05 February 2019,7
DeVito Tommy,10197,3,IT/IS,96820,BI Developer,2045,04 September 1983,M ,US Citizen,White,15 February 2017,,StillEmployed,Active,Brian Champaigne,13,Indeed,Fully Meets,3.01,5,7,23 January 2019,15
Gruber Hans,10234,3,IT/IS,99020,BI Developer,2134,30 June 1989,M ,US Citizen,Black or African American,20 April 2017,,StillEmployed,Active,Brian Champaigne,13,Indeed,Fully Meets,4.2,5,5,28 January 2019,8
Le Binh,10232,3,IT/IS,81584,Senior BI Developer,1886,14 June 1987,F,US Citizen,Asian,02 October 2016,,StillEmployed,Active,Brian Champaigne,13,Indeed,Fully Meets,4.1,5,7,08 January 2019,2
Navathe Kurt,10079,3,IT/IS,87921,Senior BI Developer,2056,25 April 1970,M ,US Citizen,Asian,10 February 2017,,StillEmployed,Active,Brian Champaigne,13,Indeed,Fully Meets,5,3,6,25 February 2019,17
Rachael Maggie,10239,3,IT/IS,95920,BI Developer,2110,12 May 1980,F,US Citizen,Black or African American,02 October 2016,,StillEmployed,Active,Brian Champaigne,13,Indeed,Fully Meets,4.4,4,6,06 February 2019,10
Roper Katie,10086,3,IT/IS,150290,Data Architect,2056,21 November 1972,F,US Citizen,Black or African American,07 January 2017,,StillEmployed,Active,Brian Champaigne,13,Indeed,Fully Meets,4.94,3,5,06 February 2019,17
Tannen Biff,10173,3,IT/IS,90100,BI Developer,2134,24 October 1987,M ,US Citizen,White,20 April 2017,,StillEmployed,Active,Brian Champaigne,13,Indeed,Fully Meets,3.4,3,6,02 January 2019,14
Wang Charlie,10172,3,IT/IS,84903,Senior BI Developer,1887,08 July 1981,M ,US Citizen,Asian,15 February 2017,,StillEmployed,Active,Brian Champaigne,13,Indeed,Fully Meets,3.42,4,7,04 January 2019,17
King Janet,10089,2,Executive Office,250000,President & CEO,1902,21 September 1954,F,US Citizen,White,02 July 2012,,StillEmployed,Active,Board of Directors,9,Indeed,Fully Meets,4.83,3,0,17 January 2019,10
Boutwell Bonalyn,10081,1,Admin Offices,106367,Sr. Accountant,2468,04 April 1987,F,US Citizen,Black or African American,16 February 2015,,StillEmployed,Active,Brandon R. LeBlanc,1,Diversity Job Fair,Fully Meets,5,4,3,18 February 2019,4
Brown Mia,10238,1,Admin Offices,63000,Accountant I,1450,24 November 1987,F,US Citizen,Black or African American,27 October 2008,,StillEmployed,Active,Brandon R. LeBlanc,1,Diversity Job Fair,Fully Meets,4.5,2,6,15 January 2019,14
Howard Estelle,10182,1,Admin Offices,49920,Administrative Assistant,2170,16 September 1985,F,US Citizen,Black or African American,16 February 2015,15 April 2015,"no-call, no-show",Terminated ,Brandon R. LeBlanc,1,Indeed,Fully Meets,3.24,3,4,15 April 2015,6
LaRotonda William  ,10038,1,Admin Offices,64520,Accountant I,1460,26 April 1984,M ,US Citizen,Black or African American,06 January 2014,,StillEmployed,Active,Brandon R. LeBlanc,1,Website,Fully Meets,5,4,4,17 January 2019,3
Singh Nan ,10039,1,Admin Offices,51920,Administrative Assistant,2330,19 May 1988,F,US Citizen,White,01 May 2015,,StillEmployed,Active,Brandon R. LeBlanc,1,Website,Fully Meets,5,3,5,15 January 2019,2
Smith Leigh Ann,10153,1,Admin Offices,55000,Administrative Assistant,1844,14 June 1987,F,US Citizen,Black or African American,26 September 2011,25 September 2013,career change,Resinged,Brandon R. LeBlanc,1,Diversity Job Fair,Fully Meets,3.8,4,4,15 August 2013,17
Steans Tyrone  ,10147,1,Admin Offices,63003,Accountant I,2703,01 September 1986,M ,US Citizen,White,29 September 2014,,StillEmployed,Active,Brandon R. LeBlanc,1,Indeed,Fully Meets,3.9,5,5,18 January 2019,9
LeBlanc Brandon  R,10134,1,Admin Offices,93046,Shared Services Manager,1460,10 June 1984,M ,US Citizen,White,05 January 2016,,StillEmployed,Active,Janet King,2,CareerBuilder,Fully Meets,4.1,4,0,28 January 2019,20
Foster-Baker Amy,10080,1,Admin Offices,99351,Sr. Accountant,2050,16 April 1979,F,US Citizen,White,05 January 2009,,StillEmployed,Active,Board of Directors,9,Other,Fully Meets,5,3,2,08 February 2019,3
